{"r2": 0.972397078237164, "evs": 0.9725584537714056, "rmse": 207.44044722774203, "mae": 106.12887151764322, "mape": 56.484526510790225, "max_error": 2162.4890625}